Product Code,Lower Limit,Upper Limit,Prices,Price Adjustment
,,,,
,,,,
,,,,
,,,,
,,,,
,,,,
,,,,
,,,,
,,,,
,,,,
,,,,
,,,,
,,,,
,,,,
,,,,
,,,,
,,,,
,,,,
,,,,
,,,,
,,,,
,,,,
,,,,
,,,,
,,,,
,,,,
,,,,
,,,,
,,,,
,,,,
,,,,
,,,,
,,,,
,,,,
,,,,
,,,,
,,,,
,,,,
,,,,
,,,,
,,,,
,,,,
,,,,
,,,,
,,,,
,,,,
,,,,
,,,,
,,,,
,,,,
,,,,
,,,,
,,,,
,,,,
,,,,
,,,,
,,,,
,,,,
,,,,
,,,,
,,,,
,,,,
,,,,
,,,,
,,,,
,,,,
,,,,
,,,,
,,,,
,,,,
,,,,
,,,,
,,,,
,,,,
,,,,
,,,,
,,,,
,,,,
,,,,
,,,,
,,,,
,,,,
,,,,
,,,,
,,,,
,,,,
,,,,
,,,,
,,,,
,,,,
,,,,
,,,,
,,,,
,,,,
,,,,
,,,,
,,,,
,,,,
,,,,
,,,,
,,,,
,,,,
,,,,
,,,,
,,,,
,,,,
,,,,
,,,,
,,,,
,,,,
,,,,
,,,,
,,,,
,,,,
,,,,
,,,,
,,,,
,,,,
,,,,
,,,,
,,,,
,,,,
,,,,
,,,,
,,,,
,,,,
,,,,
,,,,
,,,,
,,,,
,,,,
,,,,
,,,,
,,,,
,,,,
,,,,
,,,,
,,,,
,,,,
,,,,
,,,,
,,,,
,,,,
,,,,
,,,,
,,,,
,,,,
,,,,
,,,,
,,,,
,,,,
,,,,
,,,,
,,,,
,,,,
,,,,
,,,,
,,,,
,,,,
,,,,
,,,,
,,,,
,,,,
,,,,
,,,,
,,,,
,,,,
,,,,
Carter's Romper,1,10000,₱89.00,
,,,,
,,,,
,,,,
,,,,
,,,,
,,,,
,,,,
,,,,
,,,,
,,,,
,,,,
,,,,
,,,,
,,,,
,,,,
,,,,
,,,,
,,,,
,,,,
,,,,
,,,,
,,,,
,,,,
,,,,
,,,,
,,,,
,,,,
,,,,
,,,,
,,,,
,,,,
,,,,
,,,,
,,,,
,,,,
,,,,
,,,,
,,,,
,,,,
,,,,
,,,,
,,,,
,,,,
,,,,
,,,,
,,,,
,,,,
,,,,
,,,,
,,,,
,,,,
,,,,
,,,,
,,,,
,,,,
,,,,
,,,,
,,,,
,,,,
,,,,
,,,,
,,,,
,,,,
,,,,
,,,,
,,,,
,,,,
,,,,
,,,,
,,,,
,,,,
,,,,
,,,,
,,,,
,,,,
,,,,
,,,,
,,,,
,,,,
Christmas Pants,1,10000,₱25.00,
,,,,
R+B Christmas Pants,1,10000,₱35.00,
,,,,
Rabbit Bear Christmas Set,1,10000,₱135.00,
,,,,
,,,,
,,,,
Kotton Kandy 2-PC Set,1,10000,₱125.00,
,,,,
,,,,
,,,,
Milkberry Headbands,1,10000,₱15.00,
,,,,
,,,,
Socks and Bonnets/Headband Set,1,10000,₱25.00,
,,,,
,,,,
,,,,
,,,,
,,,,
,,,,
,,,,
,,,,
,,,,
,,,,
,,,,
,,,,
,,,,
,,,,
,,,,
,,,,
,,,,
,,,,
,,,,
,,,,
Organic Cotton Willow + Whimsy 3-PC Set (OCWW3S-081825),1,31,₱164.00,
Organic Cotton Willow + Whimsy 3-PC Set (OCWW3S-081825),32,10000,₱159.00,
,,,,
,,,,
,,,,
,,,,
,,,,
,,,,
,,,,
,,,,
,,,,
,,,,
,,,,
,,,,
,,,,
Baby Pants (BP-090525),15,10000,₱79.00,
,,,,
,,,,
H&M Sweater (HS-090525),6,10000,₱125.00,
,,,,
Baby Sweater (BS-090525),15,10000,₱75.00,
,,,,
Baby Bibs 5-PC Set (BB5S-090525),1,10000,₱145.00,
,,,,
,,,,
Dymples & Baby Berry Non Footed Frogsuit (D&BBNFF-090525),1,10000,₱145.00,
,,,,
,,,,
Milkberry Frogsuit (MF-090625),6,10000,₱135.00,
,,,,
,,,,
,,,,
,,,,
H&M Dress (HD-101625),6,10000,₱145.00,
,,,,
Baby Berry/Dymples Tops (BBT-101625),25,10000,₱69.00,
,,,,
H&M Disney Jumpers (HDJ-101625),6,10000,₱149.00,
,,,,
Bear Paw Dress (BPD-101625),6,10000,₱180.00,
,,,,
H&M Denim Jumpers (HDJ-101625),6,10000,₱149.00,
,,,,
Baby Berry Onesie Romper Sweatshirt (BBORS-101625),15,10000,₱105.00,
,,,,
Milkberry 2-PC Girl Set (M2GS-101625),3,10000,₱185.00,
,,,,
Milkberry 4-PC Pajama Set (M4PS-101625),2,10000,₱360.00,
,,,,
Chickpea Non-Footed Frogsuit (CNF-101625),12,10000,₱125.00,
,,,,
H&M Shorts (HS-101625),12,10000,₱70.00,
,,,,
Disney 5-PC Set (D5S-101625),2,10000,₱315.00,
,,,,
H&M Organic Shorts (HOS-101625),1,10000,₱65.00,
,,,,
Disney Vest (DV-101625),6,10000,₱110.00,
,,,,
,,,,
,,,,
,,,,
Chickpea Tops (CT-102925),12,10000,₱89.00,
,,,,
Milkberry 2-PC Set (M2S-102925),6,10000,₱165.00,
,,,,
Disney 2-PC Set (D2S-102925),6,10000,₱145.00,
,,,,
Rare Edition 2-PC Set (RE2S-102925),1,10000,₱155.00,
,,,,
,,,,
,,,,
,,,,
,,,,
,,,,
,,,,
,,,,
,,,,
,,,,
,,,,
Disney 5-PC Set (D5S-101625),3,10000,₱310.00,
,,,,
Milkberry 2-PC Pajama Set (M2PS-102925),3,10000,₱150.00,
,,,,
,,,,
,,,,
,,,,